Datetime,Water Level (m)
2025-12-23 00:00:00,-0.46619838
2025-12-23 01:00:00,-0.35060185
2025-12-23 02:00:00,-0.21121919
2025-12-23 03:00:00,-0.0876611
2025-12-23 04:00:00,-0.01308135
2025-12-23 05:00:00,-0.008492729
2025-12-23 06:00:00,-0.07696609
2025-12-23 07:00:00,-0.20635353
2025-12-23 08:00:00,-0.3577177
2025-12-23 09:00:00,-0.48495376
2025-12-23 10:00:00,-0.55978096
2025-12-23 11:00:00,-0.5563996
2025-12-23 12:00:00,-0.4682786
2025-12-23 13:00:00,-0.29125702
2025-12-23 14:00:00,-0.08069233
2025-12-23 15:00:00,0.112143114
2025-12-23 16:00:00,0.2481216
2025-12-23 17:00:00,0.30002344
2025-12-23 18:00:00,0.25474054
2025-12-23 19:00:00,0.11510485
2025-12-23 20:00:00,-0.080560416
2025-12-23 21:00:00,-0.27332446
2025-12-23 22:00:00,-0.42869458
2025-12-23 23:00:00,-0.5221634
2025-12-24 00:00:00,-0.53234196
2025-12-24 01:00:00,-0.45265323
2025-12-24 02:00:00,-0.31428552
2025-12-24 03:00:00,-0.17091548
2025-12-24 04:00:00,-0.060660176
2025-12-24 05:00:00,-0.0053629368
2025-12-24 06:00:00,-0.018713858
2025-12-24 07:00:00,-0.09885347
2025-12-24 08:00:00,-0.23269996
2025-12-24 09:00:00,-0.37676263
2025-12-24 10:00:00,-0.4909055
2025-12-24 11:00:00,-0.5373469
2025-12-24 12:00:00,-0.50628775
2025-12-24 13:00:00,-0.39075565
2025-12-24 14:00:00,-0.21230732
2025-12-24 15:00:00,-0.009384054
2025-12-24 16:00:00,0.15978973
2025-12-24 17:00:00,0.25763163
2025-12-24 18:00:00,0.26890832
2025-12-24 19:00:00,0.18414347
2025-12-24 20:00:00,0.026906086
2025-12-24 21:00:00,-0.16345568
2025-12-24 22:00:00,-0.34433785
2025-12-24 23:00:00,-0.4758396
2025-12-25 00:00:00,-0.5387611
2025-12-25 01:00:00,-0.51932365
2025-12-25 02:00:00,-0.4228011
2025-12-25 03:00:00,-0.2775808
2025-12-25 04:00:00,-0.13600972
2025-12-25 05:00:00,-0.03764965
2025-12-25 06:00:00,0.006347055
2025-12-25 07:00:00,-0.015813332
2025-12-25 08:00:00,-0.10126549
2025-12-25 09:00:00,-0.23504077
2025-12-25 10:00:00,-0.36911577
2025-12-25 11:00:00,-0.46484515
2025-12-25 12:00:00,-0.49425358
2025-12-25 13:00:00,-0.44714674
2025-12-25 14:00:00,-0.32335907
2025-12-25 15:00:00,-0.14267275
2025-12-25 16:00:00,0.04160658
2025-12-25 17:00:00,0.17932007
2025-12-25 18:00:00,0.23797156
2025-12-25 19:00:00,0.21399897
2025-12-25 20:00:00,0.10864075
2025-12-25 21:00:00,-0.056572836
2025-12-25 22:00:00,-0.24310343
2025-12-25 23:00:00,-0.4156573
2025-12-26 00:00:00,-0.52816075
2025-12-26 01:00:00,-0.5673324
2025-12-26 02:00:00,-0.5251987
2025-12-26 03:00:00,-0.4097059
2025-12-26 04:00:00,-0.25738367
2025-12-26 05:00:00,-0.116971
2025-12-26 06:00:00,-0.020468287
2025-12-26 07:00:00,0.020940391
2025-12-26 08:00:00,-0.008409482
2025-12-26 09:00:00,-0.09693978
2025-12-26 10:00:00,-0.22690153
2025-12-26 11:00:00,-0.3491464
2025-12-26 12:00:00,-0.42908797
2025-12-26 13:00:00,-0.445452
2025-12-26 14:00:00,-0.39070997
2025-12-26 15:00:00,-0.27315506
2025-12-26 16:00:00,-0.1068525
2025-12-26 17:00:00,0.051565096
2025-12-26 18:00:00,0.1608067
2025-12-26 19:00:00,0.19224782
2025-12-26 20:00:00,0.14625691
2025-12-26 21:00:00,0.034730956
2025-12-26 22:00:00,-0.13297549
2025-12-26 23:00:00,-0.31410787
2025-12-27 00:00:00,-0.47412735
2025-12-27 01:00:00,-0.5623776
2025-12-27 02:00:00,-0.58239555
2025-12-27 03:00:00,-0.5271294
2025-12-27 04:00:00,-0.400442
2025-12-27 05:00:00,-0.24576904
2025-12-27 06:00:00,-0.101878755
2025-12-27 07:00:00,-0.0011486459
2025-12-27 08:00:00,0.04005534
2025-12-27 09:00:00,0.015436433
2025-12-27 10:00:00,-0.07578054
2025-12-27 11:00:00,-0.1966699
2025-12-27 12:00:00,-0.31317365
2025-12-27 13:00:00,-0.38356254
2025-12-27 14:00:00,-0.40332824
2025-12-27 15:00:00,-0.35722244
2025-12-27 16:00:00,-0.25006235
2025-12-27 17:00:00,-0.10655004
2025-12-27 18:00:00,0.030964907
2025-12-27 19:00:00,0.11376384
2025-12-27 20:00:00,0.1283341
2025-12-27 21:00:00,0.080833554
2025-12-27 22:00:00,-0.02778677
2025-12-27 23:00:00,-0.19250894
2025-12-28 00:00:00,-0.3722081
2025-12-28 01:00:00,-0.5141826
2025-12-28 02:00:00,-0.59710747
2025-12-28 03:00:00,-0.6095684
2025-12-28 04:00:00,-0.5502944
2025-12-28 05:00:00,-0.41673306
2025-12-28 06:00:00,-0.24887978
2025-12-28 07:00:00,-0.09528393
2025-12-28 08:00:00,0.019541068
2025-12-28 09:00:00,0.07155716
2025-12-28 10:00:00,0.05424052
2025-12-28 11:00:00,-0.029910708
2025-12-28 12:00:00,-0.1533884
2025-12-28 13:00:00,-0.2642781
2025-12-28 14:00:00,-0.34504
2025-12-28 15:00:00,-0.3728496
2025-12-28 16:00:00,-0.34741867
2025-12-28 17:00:00,-0.25236917
2025-12-28 18:00:00,-0.1268746
2025-12-28 19:00:00,-0.007814582
2025-12-28 20:00:00,0.06456494
2025-12-28 21:00:00,0.08816285
2025-12-28 22:00:00,0.048664086
2025-12-28 23:00:00,-0.06237654
2025-12-29 00:00:00,-0.22759019
